candidate_idx	objective	k_act_CD4_CTL_antigen_f	k_act_CD4_CTL_basal_f	k_act_CD4_IFN1_f	k_act_CD4_IL_15_d	k_act_CD4_IL_15_f	k_act_CD4_IL_15_m	k_act_CD4_IL_2_d	k_act_CD4_IL_2_f	k_act_CD4_IL_2_m	k_act_CD4_IL_33_d	k_act_CD4_IL_4_d	k_act_CD4_IL_7_d	k_act_CD4_IL_7_f	k_act_CD4_IL_7_m	k_act_CD4_IFN1_d	k_act_CD4_d	k_act_CD4_f	k_act_CD4_m	k_act_CD4_mDC_f	k_act_CD4_mDC_m	k_act_NK_IFN1_d	k_act_NK_IFN1_f	k_act_NK_IFN1_m	k_act_NK_IFN_g_d	k_act_NK_IFN_g_f	k_act_NK_IFN_g_m	k_act_NK_IL_12_d	k_act_NK_IL_12_f	k_act_NK_IL_12_m	k_act_NK_IL_2_d	k_act_NK_IL_2_f	k_act_NK_IL_2_m	k_act_NK_base_f	k_act_NK_d	k_act_NK_f	k_act_NK_m	k_Act_B_Antigen_f	k_Act_B_Antigen_pro_f	k_Act_B_basal_f	k_Act_B_d	k_Act_B_f	k_Act_B_m	k_CD4_CTL_d	k_CD4_CTL_f	k_CD4_CTL_m	k_CD4_f	k_CD4_m	k_GMCSF_Th2_Antigen_f	k_GMCSF_Th2_f	k_GMCSF_act_NK_f	k_GMCSF_d	k_IFN1_CD4_CTL_m	k_IFN1_d	k_IFN1_pDC_f	k_IFN_g_CD4_CTL_f	k_IFN_g_act_NK_f	k_IFN_g_d	k_IL_10_d	k_IL_10_iTreg_f	k_IL_10_nTreg_f	k_IL_10_nTreg_mDC_m	k_IL_12_d	k_IL_12_mDC_f	k_IL_15_Antigen_f	k_IL_15_d	k_IL_15_f	k_IL_1_d	k_IL_1_mDC_f	k_IL_2_act_CD4_Antigen_f	k_IL_2_act_CD4_f	k_IL_2_d	k_IL_33_d	k_IL_33_pDC_f	k_IL_4_Th2_Antigen_f	k_IL_4_Th2_f	k_IL_4_d	k_IL_6_TFH_f	k_IL_6_d	k_IL_6_mDC_f	k_IL_6_pDC_f	k_IL_7_d	k_IL_7_f	k_IgG4_TI_f	k_IgG4_TD_f	k_IgG4_d	k_NK_d	k_NK_f	k_NK_m	k_Naive_B_Antigen_f	k_Naive_B_d	k_Naive_B_f	k_Naive_B_m	k_TD_IL_4_f	k_TD_base_f	k_TD_d	k_TD_f	k_TD_m	k_TFH_IFN1_f	k_TFH_IFN1_m	k_TFH_IL_6_d	k_TFH_IL_6_f	k_TFH_IL_6_m	k_TFH_mDC_Antigen_f	k_TFH_mDC_f	k_TFH_d	k_TFH_f	k_TFH_m	k_TFH_nTreg_m	k_TI_IFN_g_f	k_TI_IL_10_f	k_TI_base_f	k_TI_d	k_TI_f	k_TI_m	k_Th2_IL_10_m	k_Th2_IL_12_m	k_Th2_IL_33_f	k_Th2_IL_33_m	k_Th2_IL_4_f	k_Th2_IL_4_m	k_Th2_TGFbeta_m	k_Th2_d	k_Th2_f	k_Th2_m	k_TGFbeta_CD4_CTL_f	k_TGFbeta_d	k_TGFbeta_iTreg_f	k_TGFbeta_nTreg_f	k_TGFbeta_nTreg_mDC_m	k_iTreg_IL_10_f	k_iTreg_IL_10_m	k_iTreg_IL_1_m	k_iTreg_TGFbeta_f	k_iTreg_TGFbeta_m	k_iTreg_d	k_iTreg_f	k_iTreg_m	k_iTreg_mDC_d	k_iTreg_mDC_f	k_mDC_Antigen_f	k_mDC_GMCSF_f	k_mDC_GMCSF_d	k_mDC_GMCSF_m	k_mDC_IL_10_m	k_mDC_d	k_mDC_f	k_mDC_m	k_naive_CD4_IL_15_d	k_naive_CD4_IL_15_f	k_naive_CD4_IL_15_m	k_naive_CD4_IL_7_d	k_naive_CD4_IL_7_f	k_naive_CD4_IL_7_m	k_naive_CD4_d	k_nDC_d	k_nDC_f	k_nDC_m	k_nTreg_d	k_nTreg_m	k_nTreg_mDC_f	k_nTreg_mDC_m	k_pDC_Antigen_f	k_pDC_d	k_pDC_f	k_pDC_m
1	299301.0338874493	0.0014913860143762185	0.00038230821477052866	0.007240899280328736	0.014178765030620833	0.006163760251196693	96133.78075001702	0.07134472651037169	0.0010056981457547286	13960.229251598223	0.005808485067150489	0.10946616375881163	0.0009306323884751542	0.009589023117239541	377089.3860320997	0.006765390039278912	0.006229861882394677	0.02022823443460605	683.9347657966069	0.07098360063018024	12.545356471482187	0.010018757795680979	0.0011111119191319716	4.050835380620117	0.012340123200010978	0.003497064710010527	292966.9731817422	0.0048959092790520214	0.011859484962529018	15811.947628632857	0.012896913988409987	0.0038931173529215784	13601.443306957313	0.0020467463320408977	0.002717517941074411	0.2068142616253054	4153.441670727694	0.007402874688216412	0.024872301047142203	0.0006467280584868917	0.016871925135211765	0.022314226134638803	12.73834644927063	0.006445182325495639	0.004995634983828137	3.8728478182204182	0.0003844386535078962	43.252008657950554	0.0007351339882085323	0.009819437482357677	0.01122480037394697	0.04557584297975751	3.715394125974519	0.0059329039402890695	0.005860388447849665	0.005309100323801189	0.7732237491778075	0.9668960492540756	0.3528542885265553	0.28103428190160945	0.012069227778390944	9.517043156316765	0.0349027657005013	0.018190036987004072	0.0277050790249317	0.012674629887140682	0.00738438656282931	0.04702993339704363	0.06523794088871528	0.02223152114782442	0.007441715021935705	0.0026539331315294343	0.002369978287214112	0.06998631142868103	0.0014806422610960648	0.0072637674815341285	0.0004850016484385982	0.1411830025585558	0.018381650583349642	0.019633425154906705	0.00857418087809064	0.0001229486457248688	0.32739569581695754	0.0005348103641482772	0.0013715039607078616	0.539404055928067	0.0026405660962101228	0.19755983266661242	21.809561306690284	0.16651865351838405	0.004090910057614499	0.014614913879304435	102.36397102585514	0.0016514804205163775	0.0008223446222554333	0.006445490386448377	0.05045400851291326	0.203900208496127	0.004233425003191636	1.3012333066310267	0.019815939693533284	0.008153846058903068	21712.3224220271	0.008306278110385446	0.00198726907453193	0.0034540823342878936	0.003489432569685773	29.5163207581146	7.346032386423114	0.0012691960537661647	0.0018652373285560544	0.0010140431375241846	0.005219281434629503	0.14216837299741222	0.05920504438742035	10381.009351843155	16540.44297550294	0.006970098568239105	20316.365580261452	0.00607232736507043	372.29336846776005	26.579759737353818	0.019041093582657473	0.004060093786566901	0.013317565425001742	0.0064880169765167625	0.06147548696664271	0.004150875303181925	0.012766540823182982	11.401507019634742	0.009037460905420824	588.4124679458813	6998.442880604201	0.008175823697569126	130.88948557261838	0.0013867019445334946	0.07116190048851631	275.0533479678827	0.009864412553081093	0.005592667579714105	3.4345105152350768	0.006245245545136065	0.006563002516451265	2516.4024260150904	12259.080890535664	0.0017970246672082434	0.0023873810969613288	16.801788853698827	0.02286775817055511	0.0049006040676768375	86513.79552879442	0.002713323497373882	0.002276423662534532	6923.213018765205	0.0014204208266935243	0.06308293991662971	0.0018811576797722268	34.05492961847866	0.01931802551382497	4.336117552083355	0.007930236804739135	10.598431954350502	0.007763079050374965	0.009094365909157034	0.005721637665389103	1.9811149565257586
2	131364.0744419923	0.0005037392517233269	0.0005142633009089498	0.006642762041432278	0.006142111105527702	0.01054185388554069	141329.5322498697	0.009943727178705087	0.0031363646736330686	17732.68457351899	0.008624998419113754	0.00879814414313313	0.00011865984536961497	0.013848459797881614	4.237801898416342e6	0.007183588568087703	0.0035647761635949214	0.023084465342310158	547.9097389740017	0.12075103348151416	1.241081410725023	0.007260742707647001	0.0015828354665767517	4.158155948465471	0.0009207085154094536	0.004776075337952633	2.237660459935943e6	0.012601877570288628	0.006493904675174895	22236.786524163545	0.006506062842944287	0.003448825460728268	6553.57660147832	0.0006308654727667168	0.00018580406597515223	0.2067320277791126	485.7038185487068	0.00731126195228035	0.016440046744021327	0.0003895276751192274	0.029099868077220842	0.013159437637687624	10.843749179209112	0.005906568911678274	0.008120357182272202	8.696283593271742	0.0011217479017112486	87.59802009918957	0.020842874934924545	0.0060498320264736095	0.0005965810684705464	0.000390635756240808	6.710134830816706	0.0037890696950756498	0.0047022103190821575	0.013098016473625813	0.5211278468390936	0.06126035640291865	0.08051514862284	0.12413294891462838	0.006456582490704487	23.56918787905845	0.0018784187947596257	0.005074140751955126	0.19668251460209543	0.07405131007640628	0.007639784863548761	1.108486372712706	0.938211933036242	0.004418237744968259	0.016457113438431998	0.053100115215020734	0.0005788037378536799	0.11001696289375798	0.0026960442915406973	0.008482557129974077	0.04994380214867848	0.1761464797947769	0.018020690014671745	0.011794019828969906	0.006071418615147962	0.06378797248751043	0.843285614955976	0.00014875518766863615	0.0006163609840332525	0.6478630779254496	0.0024766090956722226	0.2223303922467588	9.89783797016184	0.09807670591106976	0.005076721220488348	0.009640767189137093	74.17146841504947	0.0005227786503399867	0.001920939369830807	0.0058847761538082495	0.14190322167253736	0.19052088455126953	0.0038591654719350743	1.4158221187963578	0.012293411609364755	0.006029796894100057	43871.95844787682	0.009669825893344239	0.0008372507510065283	0.003011404723588132	0.01701790024396971	45.54196831487029	19.983819779282793	0.0002657507183087453	0.0026869311112426883	0.000554220999353083	0.008323825137967995	0.4625495492855727	0.024133612462870328	3288.676532800181	14455.623329935523	0.007218988480492648	21384.66058608722	0.002203211981289153	2547.3126194307574	19.41886511282319	0.006813216427432008	0.00010881071364927261	21.0030449074572	0.007162063430475089	0.4452998660039994	0.15482160107245937	0.006050142610447573	16.90827717057988	0.0078215336981616	2924.0643252363293	8553.414926365718	0.0047714384968668205	224.78283056600375	0.9356196631537151	1.1059871362427227	1642.9687962609687	0.0032856187834513825	0.006295003881555702	0.12391500036849762	0.00521081170583066	0.48841559142261176	380.871942352574	5323.538705584095	0.0024729460831363578	0.0039246376288141925	29.125838840088463	0.011226929991095824	0.007647714977917401	209543.78137900122	0.0001280719756755062	0.0036567160351559857	2.5122874241961245e6	0.0005169977304835374	0.0763721277963231	0.0011542616933173815	53.46075650658216	0.01718657940636634	9.308579144891022	0.008582845785842891	18.15614637268482	0.2248541082893873	0.05149708639108934	0.003281749461231662	5.147223432708298
3	169241.7336790411	0.0021390779347029948	0.0006702196743682053	0.005688964142351847	0.006026776819056199	0.0070291959670280004	212594.67341466664	0.05086173303632597	0.004497116744684015	6419.987131726684	0.005647442700145313	0.010671537848636206	0.0002450431476246425	0.014417870258634315	671393.3289870591	0.010148871313974961	0.0033019213485312314	0.011363115469143262	477.78042513339824	0.022297900985937633	4.361594290840088	0.01120883810963548	0.0005284633821784076	7.72516093537959	0.00353399646857534	0.00512485083719989	1.5999592731031901e6	0.00694790578003671	0.005880914444106653	13542.952671903777	0.05601603548908457	0.00397528883234841	7478.7375876232845	0.0020718228204228656	0.0033646780014092146	0.058878332709995165	2439.4270585324693	0.004742268271561194	0.012373275829503424	0.0003212874500797569	0.16403004013732783	0.008479451920593777	21.957606086190633	0.0171170149989877	0.025286587919692387	1.066020823207236	0.1753151669847621	33.34914840560446	0.0029034795211427683	0.007012909176931686	0.08341281716796976	0.22287634939493312	3.1832691300800153	0.0023812559131648516	0.003574754322247717	0.004668408118988264	0.5196345081425077	0.8999842733174481	0.06197093036481721	0.19385956699847362	0.014380406961940095	9.957787191318241	0.005615022582526779	0.0025368207846108164	0.42348872101629637	0.08181248050556988	0.011238340822173122	0.04306408079396466	0.42289304928650673	0.11706075947425931	0.021524709897234578	0.050410858387248604	0.0006131105788079503	0.0912850735682025	0.67966667071722	0.03638146633259235	0.05215072829342207	0.8859910914211544	0.9925796978504973	0.01564141385651705	0.013305324760661149	0.8336419395811853	0.8871543610562036	0.00023280978784360966	0.0004514646483572976	0.8939114086941924	0.001982152433690825	0.4111228441266106	8.780577006800273	0.1864965810754034	0.006763066786573737	0.011284922810148543	112.5964941955188	0.0012261858051529166	0.0006895006435122269	0.009290093980334136	0.03844756515258973	0.22359946948205026	0.00302101090298249	0.9420359964326827	0.00952461488544486	0.006389596325734872	57584.812165235344	0.0022252150645705776	0.00146647665947159	0.002175299299615797	0.4286411625161279	1883.330621624246	69.84278335227185	0.0003892732621331016	0.0019657651297187357	0.001171218692521451	0.0065117566550176725	0.2975325781595628	0.029567592963646014	6004.222957262873	13108.518586638484	0.013596501856205886	39716.91910668461	0.006395036471183969	830.82394383122	8.372274785376089	0.0012486231992022835	0.036576580076085365	2.8113594030613394	0.0036826528830634564	0.058192979250255523	0.05773788779640818	0.00513300899494037	33.31704356522636	0.00570031303678077	1264.329552254156	11113.660888922903	0.006715029254318925	289.87479760165826	0.0026487038344359974	0.029503815732361018	57.50288350007432	0.013750535519964854	0.005220922060232789	1.7374174314479427	0.00948549137979638	0.00811610322577481	6153.057775412565	9894.737079533736	0.0006927726832499771	0.0008629085777754061	3.809675471776041	0.004156774450373205	0.00443822907442456	94057.54344890258	0.0006811358119469786	0.006487057550808857	3.7414105766477166e6	0.001943982725660153	0.08751331283939023	0.00264024846020974	24.415501038577915	0.007059365931541033	4.006348587076921	0.11627779332307628	1.9348382909505881	0.007841319294920913	0.005513560754195191	0.0016352712683726208	3.6441704211598362
4	131117.59868963255	0.009655378904901608	0.0057153425920027255	0.005533685701420401	0.014532316385700806	0.004753945175834806	98649.7761855173	0.02792301575101075	0.008766978078566892	279.1046728420429	0.005758056700716224	0.2070400749730061	0.00033128183025560645	0.005647040888818101	3.0707565051599187e6	0.0049872177844095455	0.005051900047620867	0.003981236819772399	370.72204204925794	0.0053309013606130514	10.332559380429815	0.0073049225628576625	0.00022938488234128346	18.615145652887975	0.0008518727106694152	0.00508840082306	1.6363842889128802e6	0.009176584178427885	0.010711630176976548	17733.350026570894	0.026002421588837622	0.003560078959765539	5304.903489482467	0.01779952724167088	0.0015740514291619242	0.8498312804005649	1847.3720333088215	0.011276319455203613	0.019874618965922415	0.0004765397437459009	0.027478136433032072	0.022571394565210734	9.402201826769337	0.007855929111555568	0.02211590706908192	0.58632737059538	0.003157402867992477	34.09420816729368	0.0006781174692443865	0.007313980140126324	0.1381485942480015	0.26697328643645374	3.0333880941058	0.003327255958704288	0.002487503994134624	0.007532693745314199	0.4387971192503419	0.05710851456053636	0.05057836859819706	0.08503889982339555	0.01356001182234618	11.060059379312369	0.002376662462691029	0.02472544549889048	0.47008294100211917	0.07616897163148857	0.04897373869289627	0.042766420867664835	0.017299633101840566	0.0006560132573731679	0.0043087307915912814	0.0007396799223606249	0.000875611457950742	0.013735493643570238	0.00033122179971466345	0.007403858435598122	0.021751971781929672	0.25403793983375567	0.027836571037020075	0.010427723187268772	0.011524257612658352	0.06336703972192011	0.4782895630673707	0.00032186719215323835	0.0007974312883586208	0.41367572928175395	0.004253676432505965	0.012302094113464052	12.615905493194555	0.250945485130495	0.006891975338971551	0.010149341068155475	85.0563666237859	0.002575692939017905	0.0010270145774238482	0.007722365990856498	0.05022582044948226	0.2533438148407294	0.0028627429440446243	1.3458775394518128	0.007651815435458893	0.004691169246733563	11572.986458031637	0.008786872573026357	0.00216280462566601	0.002353713306536187	0.09678838552676323	100.22198973667234	36.024207439090226	0.0005903964454073034	0.0011041666021232722	0.0006474712661566426	0.013140372970605278	0.20187419559491437	0.03791884724349102	1053.910108681479	14422.148184436324	0.008389164688545864	25107.700693412535	0.0025808562648941945	483.0420509835415	3.2918655407687423	0.0027227251376317004	0.010820932833967522	1.4004592314861626	0.007977422424257008	0.11601742378411334	0.016136149950465615	0.015944954049527123	23.06742594326893	0.012871740943275194	11943.649916922563	8430.854605149	0.004824671749308996	150.58042818957165	0.0039736268903985865	0.07521030955689448	110.95017297692063	0.0006987992931001799	0.012615348225157972	0.05806306376229084	0.014071135770631635	0.011112078601687574	5013.824613419231	5339.0528128392625	1.000284798625741	0.0005817006595175791	17.01937104086824	0.011778726007109625	0.004585756707284664	31972.741269632304	0.00037005452249742887	0.0033352518702595875	2.5873733433565027e6	0.0002878141753983896	0.0445979635563249	0.0034871394594614765	14.017796380869495	0.024977693525221615	13.075995854196618	0.006748989019741644	22.816440141182927	0.008888201123879703	0.9730743423553624	0.002490650773480612	2.6319750730073
5	262654.2268078535	0.004917498830928535	0.000560270020954509	0.006830339000235725	0.013152177179937708	0.009194001749755598	169419.74509945666	0.02474233961869413	0.002508001208007745	6086.306610089061	0.007502963288627702	0.0074135058440877285	0.0002696409661598442	0.005867591459171659	679319.5100975931	0.007775022866852176	0.003649097629016288	0.009777361328981897	693.9780019438492	0.050094806726015885	4.279393395109652	0.005770935144000716	0.0015954108973524196	2.9833703737844686	0.0012073339304046816	0.0033258790881453048	497330.62073823076	0.006011772406730828	0.006709429028379422	12825.094480925542	0.007962191190006386	0.0033950084962239458	14737.025463930566	0.0004629466907255154	0.0007794097303677507	0.11668180076999275	711.343178359968	0.0063623092083552185	0.013585490296374871	0.00034463221641810695	0.07214545596623956	0.006401060506723428	31.04153941197617	0.006151927193318884	0.08552531920237065	0.5730430504765948	0.0011094145818485019	31.336935094618354	0.4039148518392539	0.007734360049404277	0.0020815691546009047	0.005939582582422539	4.219797396936042	0.00483456390246241	0.009624237949339235	0.01582168574063239	1.0742000105457963	0.1736018858657697	0.043286854622501134	0.026583193622040965	0.0056247815184834625	13.939336025552166	0.043255837676873195	0.02006221717814409	0.11121855900413036	0.07308888855998896	0.005153946037710581	0.05013175244415888	0.0937024271413306	0.07363495949723739	0.013471411254900771	0.004461051821502967	0.0017069276508367049	0.08388287551081082	0.0024818508376275514	0.006730714021911042	0.048838512616200154	0.29787737251564816	0.12940706713522165	0.00741409701004164	0.010341766144845258	0.06229088084924595	0.10287711980436509	0.00048436262873262066	0.0006087511446002652	0.6693198747464632	0.003001732416586299	0.0766672100847646	19.69899236942673	0.08183035132113961	0.005087737845996517	0.005823320768917669	136.44854058742877	0.0011789565403193434	0.001065384135594159	0.00679955735457297	0.05764997030380108	0.18581708147664883	0.004923771931099262	1.966820646970569	0.024234530999395258	0.009250978610385038	56120.68936481457	0.0008157037827621802	0.0013646657606042637	0.0029994455201490127	0.059153050472658494	96.32820874230345	52.60615956659076	0.0009639841795432661	0.0028017140745212003	0.0013057062961780999	0.010098661626304472	0.17687680169353528	0.058997310824169126	12007.434238192376	12005.70320389753	0.0077260030906087605	42167.593912405566	0.006282162284193173	2511.6987536536176	43.45912161412183	0.03861457182077733	0.008450121619050299	0.46856822959223415	0.004948880813417442	0.04826150507344259	0.0060174812858871714	0.01788007064000588	10.441993224397756	0.009048173000174936	1534.6420093555496	4249.739633052096	0.010758263883586559	54.631854582276425	0.0026620609632293005	0.07314160513980411	123.43271143682111	0.01928992206565983	0.005406990876023161	0.4387818349657601	0.01689746840758088	0.36630643368362736	632.591426351074	13616.152811148695	0.005701981419890176	0.008115156952629831	25.170697437845003	0.010776186595919399	0.006305047712667558	192103.5206776667	9.927062679512053e-5	0.00456595532107645	3.7908676311250683e6	0.0010250807981390581	0.026857205689470084	0.0023923901109490736	22.624613809185917	0.025685846654631132	5.9865700769010335	0.012626110238084584	21.290732794289276	0.013393913442433765	0.01864978069723474	0.005587544951945991	1.7031322495337722
6	366025.00622220844	0.000695561473512121	0.00026735339038917315	0.004072773289215945	0.0014248851921696746	0.006419562305560496	765551.1899942735	0.00917469059050765	0.004354995004252674	20597.033836187482	0.006583137495556798	0.07939477474843554	0.0008324203107620473	0.008003666576311614	251414.32347498208	0.007888882526416561	0.0026601971340975395	0.01525846993132341	324.3280663512543	0.06155147149370079	1.5621960476887273	0.004494098522213775	0.00030598167538297224	21.10012721546115	0.5886697398696024	0.002363838080427854	34731.287555122086	0.0064247977426486625	0.0055875660653685435	15776.155825532293	0.3308893025553974	0.0015345747666444796	443.7863662256056	0.0005711869112997537	0.001858103333652276	0.22110310673219755	1974.3867638299976	0.0035195699998165604	0.01723687141624663	0.0004854569019234723	0.06670414045619828	0.028209934487372235	16.200076655792763	0.004204062443307163	0.03915730762316514	1.0499822090170197	0.0004893944918133664	70.8233155551516	0.009149006323637054	0.00828873451574279	0.3314433078061043	0.7960111239302283	10.60212909508891	0.0012533646572989192	0.006562006909312759	0.012791619626626371	0.5836674854556048	0.9005007063271276	0.11539088952336324	0.11419113094168479	0.007663901944868186	19.204263622427348	0.06012914148484382	1.0721713926406822	2.312065603676457	0.6459417713450643	0.5845751351157387	0.030277050849221252	0.3823738272969788	0.002558766447997872	0.029321683117584922	0.002609128524598044	0.0004655458774920901	0.03140594495475469	0.05700522038703716	0.07466766698683025	0.015706233457777122	1.0524145091550299	0.9920582036691257	0.01334752224837305	0.005365963264517754	0.09018290192957808	0.887330031605499	0.00024305062842399445	0.0005810738928739245	0.7033495110952424	0.0022110143057002306	0.22652363013547028	47.635298301343404	0.18570219572848723	0.008014037936699546	0.018151676726437957	127.87694582420204	0.004215844955772436	0.0005382612109964262	0.01093101189357858	0.0232918884841375	0.17545405759028404	0.0033945458493317934	1.40547915777032	0.4155650392925928	0.0076669782018422734	3647.837714876337	0.0006147099437127738	0.0005726088968748836	0.00041354503423883976	0.05385902223191812	81.49410557876243	76.61709052522926	0.0005531693643751114	0.0010817380864562025	0.0006046267645144896	0.005815272796475169	0.31050805986785185	0.029320415986300093	5223.54503092888	26684.143986468418	0.016460443962776485	20444.08797778498	0.004657920441427583	176.63113844479233	25.258578733700322	0.0015981896790454237	0.0013653868047809943	0.6208676279557341	0.014782057670498214	0.12068959172292529	0.01868932503936571	0.01870118331654823	11.168826813602397	0.0069286991837815394	1780.0536176955989	5838.135322039127	0.006370560511555146	140.54275291409186	0.0030535820337128294	0.08045853768767314	152.80028077823363	0.013301343322233998	0.00504485960422597	0.916136510039634	0.013423376006431212	0.31508871280898315	299.75616949854276	10657.122624270738	0.004514772366526096	0.005129272879335055	39.684168938769055	0.0005508728658832701	0.005517820058970725	2.1199457750632516e6	0.005354357856461355	0.004530528906156181	294599.8294114609	0.0007761601109435944	0.044984992104369306	0.0046473616163103465	5.951231485475827	0.023400234020568483	6.228615015917846	0.008781440308710291	19.44813552459076	0.003791317043499449	0.9837606700462941	0.0034900725687705613	5.531011306244617
7	124680.38948096908	0.0029831122690346695	0.0004224329087925039	0.005618207053876454	0.01899167838059778	0.005858921321708438	90248.38474673935	0.015019073568642016	0.0018689727693534416	582.1552533225539	0.00441693392179274	0.002782711276940439	0.00035963062986792637	0.013875226554275973	3.217102623313874e6	0.01041118290928474	0.004588708978839312	0.019503943185390046	397.39537478736054	0.0409226913085802	5.214237093686223	0.004863137024225462	0.001885907794041565	4.571760414287339	0.0013361652962263024	0.003560026829306735	716289.8924355813	0.007866764344522721	0.0054388245821228535	13906.069864318124	0.009301919220711394	0.0039016667479065403	12718.583574596034	0.0016986686116187753	0.0008688076067220342	0.19161530941411517	1264.2559741256955	0.01165206409408752	0.01618740559199673	0.0005256086904648071	0.0212663629898703	0.008020026912340607	39.10195813631048	0.008871667785801847	0.0074973142338403435	4.260096041751445	0.0038279563873218287	10.529804915306878	0.0012942570174241947	0.010556676759952434	0.0010894458099923565	0.026612246522418795	2.678596039552055	0.0039410102354071755	0.0061842546787751786	0.005543584132772925	0.8081036299191897	0.0525089697352523	0.0034401552342027534	0.006687816247776382	0.015215027519263064	13.968900578459403	0.03287824480537854	0.008713367623771848	0.01820299025134347	0.05821034680680696	0.011264557976269313	0.03489979475104916	0.07349021600339545	0.001316626822590714	0.005294500587955692	0.0004006476225435323	0.0008124069951250917	0.011912378537167676	0.0052954458479517455	0.0070385123014828814	0.0393360337652938	0.01944309395614032	0.0386203943611604	0.043122110225404985	0.008651908508717509	0.06589558087139405	0.7914956074574572	0.0003481001199280711	0.000462123901989723	0.8960795954157756	0.004061433694704957	0.021462545844682015	29.259967023993468	0.1305933040990261	0.004574154520365114	0.014659883389236378	72.43767697346243	0.0029672394609121	0.0014080512173426573	0.005742445258491447	0.0648897770266427	0.10378515816948036	0.0025014631862693305	1.1520067617377847	0.005450962062765358	0.003757415919481983	5707.951369113451	0.009374183311796177	0.0010355400607623781	0.004861748314794022	0.0009948569074918836	27.601637427777664	13.438001347605722	0.0005030777255907189	0.0013055156544909236	0.000920194657884079	0.014026114052001167	0.23584233686160946	0.037984520863800164	13448.137074167164	25222.917955393383	0.006628418105461491	50655.26445634726	0.007311133753671238	3257.1534897163015	26.803752819352496	0.00010787385540812677	0.025046076448837325	0.08201428561259838	0.00508640297248353	0.03979898800846567	0.003714424583414757	0.00792269975604149	12.140291915461477	0.005871845381149805	1283.053862143831	7791.019447822501	0.0067723220055708935	146.33656203396995	0.017807123816880353	0.10056018639378209	196.98087763624716	0.012587825286923149	0.008252565859231212	0.6345122418429695	0.017399248270336672	0.23527402340298775	224.97771941348878	10281.6833673233	0.0035160047345237835	0.005181394967375821	22.118843246416546	0.020160536075440598	0.008377834746707136	77712.40389715563	0.00021347882253755103	0.004929247586960625	2.6824764670858504e6	0.0005601873760784049	0.020739088791451272	0.016423250747551216	4.207486145643068	0.0188522363185889	4.99043630826299	0.261017326873032	2.5747701036707302	0.005054258877410584	1.0508157461179548	0.0023555917524147635	3.4640639178958668
8	181867.25516589507	0.00022877308847478735	0.0018669166036189605	0.012837885094975502	0.009419007836081406	0.008143695258355878	98141.85895902305	0.06581656813213034	0.004243587450491648	783.2895720986232	0.00647522954136187	0.011583163316111339	0.0004986011462174085	0.010205050514091457	3.0994041696618237e6	0.012490577751785008	0.0029023281627022484	0.014059214538659956	372.6719423601239	0.13669639586369392	1.1230466894018232	0.008136074240214076	0.001431739578150007	5.047076101318397	0.00016036436055889047	0.004320188719600135	1.3142505769258507e6	0.012584507346840006	0.009366474526635462	11266.181687861028	0.007697381565103656	0.003742315979066056	11288.672328112809	0.0006319869888317545	0.0015378240253538754	0.47986207525464913	2101.854949412495	0.0034119537860244193	0.01667113611781148	0.00036025994051752745	0.26264902370776017	0.009596306871351906	54.619510318017326	0.005286156184257813	0.028632194651879272	0.9308593302612573	0.007232102872288581	5.288555976280792	0.0017438974749242988	0.014331376917587112	0.027048508881797106	0.02984822881094642	3.220020042855363	0.005604020839336403	0.01022406528030361	0.005366174975929718	0.36925322339792765	0.0723223571192882	0.04431564052784453	0.03494670122450227	0.009396006624138017	19.733562611595968	0.0012373570085982288	0.00732092319667595	0.27813654286901474	0.08699112048259897	0.02478984904611463	0.03960615031382746	0.22708503187050963	0.0016164481377805304	0.006061095368208605	0.02883458319200639	0.001252558391587418	0.03810527304953133	0.0011429462571368452	0.012885505891399925	0.022959793938493057	0.06644355120817351	0.04346042605407298	0.03377813984584631	0.014158121723439275	0.8433837084240766	0.887330012764565	0.0003847782935209396	0.0005451804410101537	0.5857964311922903	0.003257316595036135	0.055577292416198715	11.121931628550334	0.07447887008668225	0.007430385597954993	0.005763708190207894	141.38323523821617	0.0017972087678028667	0.0007240605819554606	0.012368780956167193	0.05258286644093065	0.12565136848821548	0.0048596089098213715	1.5885019199823105	0.016620351548992184	0.007356839010593758	64945.44351820896	0.0022945916962181143	0.001790048768674126	0.0013737746874801296	0.0004290330346082253	2.568638134703842	18.580514390358797	0.0004938158625977779	0.006195782969183782	0.0011208382983152318	0.011204690363626691	0.20356745382833374	0.047916557980525416	11464.758056174784	20235.274493719597	0.013601459035619929	36569.98983452412	0.004855891175489153	1689.0010252045836	8.72455064277673	0.00036102133220902163	0.10689901284051603	2.0412648699050773	0.006524514212246858	0.041808645118554255	0.0118022063693452	0.015647518735434397	16.782967668004233	0.0059277379525427085	903.2391433967833	5127.599036444876	0.005855763400448583	239.3744895947675	0.005648878579187851	0.05282667385327148	98.71658577236084	0.02498246980812898	0.00795884727440491	0.12009198876317752	0.012142285670029344	0.06143935065058103	751.3645989648787	6460.564918089475	0.00022185566298504438	0.004185008353707685	6.509444920988044	0.013193405407843854	0.008027000935803543	110635.90691389727	0.0002788945379473426	0.004234552948570938	1.7542332077636158e6	0.0005516334796623724	0.1087562159617334	0.00290133589017121	21.139345291405032	0.017816427709622034	12.575070128593332	0.004934233501578791	28.090692739695555	0.015471728378686725	0.0065302511539088335	0.004469547794275057	2.185676526611117
9	351830.2346115195	0.0011279506760029489	0.0004492750384984677	0.004102680361041503	0.011676622562442236	0.0052291628923217485	102237.91132705343	0.0069285919706282674	0.018702073277690426	7842.6957867431565	0.011415949080899214	0.01866556873645044	8.972688224865269e-5	0.008396189421176752	3.2762844464577343e6	0.010391907846692817	0.002466927688085928	0.05499505668704938	741.8612530321849	0.08294552923097669	1.2080288618046964	0.008656850049289086	0.0015416348740959962	0.6567475043210627	0.02276887641736239	0.002921628580518928	111478.33514941155	0.014092766668798669	0.0091482551797445	11026.632290500567	0.020577758277942476	0.0022995653580451013	18040.859792558844	0.0033942817081639054	0.001063577344497139	0.06070594935019636	1536.6822033771437	0.009440907313686731	0.027375705082787655	0.000527304185133911	0.032079971371450446	0.012845110382575079	6.396950557626785	0.008744637990386123	0.007197295453479953	2.9772912822585815	0.0009112328964505456	77.73563777826969	0.0018779728155790688	0.011947513028823268	0.0005348252996752331	0.007607959104154622	4.417163557038818	0.006045976284015737	0.03200119517256128	0.006341201478864195	0.4554963686457897	0.45643495200990136	0.06442476879664423	0.045234964108346355	0.005746287085071262	8.797365029100048	0.0028470926109818383	0.005468200298268459	0.26511241090376275	0.09762553205609005	0.008823352544739264	0.04745237217545548	0.033542260395828034	0.19639336056935847	0.012794205635273974	0.0037317190917352723	0.001609995734897973	0.014395877815368711	0.20961996126110424	0.007417280001786325	0.011819532893034269	0.12152131411593847	0.20044055055120388	0.012624037016729964	0.010323029016682401	0.2510193727183286	0.8873300316549879	0.00034987837064659656	9.251513202600295e-5	0.2246268772608825	0.015527286559825075	0.0007026556673177535	42.877436229515325	0.13763204143939523	0.008100617992679852	0.005645172611499639	58.514286178385	0.0008326292882342813	0.0013736557046984494	0.007637343109130666	0.09296747219145131	0.06892832325286	0.0013191278501618123	2.7732356830623517	0.010673323394137915	0.004865527906545161	58927.07467116077	0.0049791149895770815	0.00014961436897146233	0.00394092924580905	0.021832464292627366	44.97951596426566	16.548604904968755	0.0002612843782526386	0.0023049068543825155	0.0011045594992170333	0.013917604870674853	0.1883199997476039	0.052152981954370924	10076.079703839161	22041.598289431247	0.01562261529738494	29212.683119187284	0.0058573086761631735	961.0967982085011	48.03405479782604	0.0011171061480297019	0.006513624101885155	0.05999022398346984	0.009200668337366692	0.040604467192174455	0.007250587796601744	0.007184836176561809	16.707226552336056	0.006176393135691911	284.1994403562099	8229.910318512711	0.006770948978678267	29.460352690536162	0.004557790807291116	0.046423378225413654	19.821928231628863	0.2401339147720543	0.005464906776310815	0.038670540800563494	0.016703738255233556	0.3656424491923783	199.4330898469322	25076.827007085165	0.0008122244918498065	0.00035481937961677175	3.5380521750898244	0.01196170341343559	0.005046923031138911	60207.726003898475	0.0003290995197881509	0.005921211802178699	2.643809013653313e6	0.00107225751087536	0.06752982993679711	0.0020390336107078697	19.774824190222933	0.042559328957988016	6.797613914358426	0.02666686195468546	7.088801326430516	0.0078118774527243555	0.030092230614718114	0.00205587463360051	3.4787018604058955
10	255279.64976873356	0.0016428694116648811	0.0013793732996319771	0.015802327779135747	0.008961829035911946	0.006500497746616388	79353.76258912619	0.02345120201718799	0.004156355129412249	4591.999561090065	0.010613318805326429	0.005322876781028692	0.0006598275016847752	0.012192687218615439	3.615222136363213e6	0.004829044463439681	0.00250412009934928	0.07706378591090704	428.81764307528124	0.007969885500793888	17.177094080791743	0.005487029184205161	0.025711447839713644	0.4693290872189991	0.0012094471552733172	0.006551744201484443	3.334169670851077e6	0.005945066101536335	0.014502455374510576	18792.425826687686	0.006397959713231441	0.008383607834074621	4898.897412669457	0.00030592387744417124	0.0018981356120520508	0.42992938877828607	658.4841997799505	0.004982204413823738	0.012663138771749642	0.0004988792434989445	0.02978687738362196	0.01163770580695094	32.3566928142238	0.009530107539608873	0.022092983269808866	0.5742926981941567	0.13202050562674006	23.231410662471756	0.0005344246472074413	0.006725160743594213	0.00231167220781104	0.00603153743810286	2.748076103264756	0.004463184134805573	0.01209837825672642	0.006005319463062799	1.0742000803330647	0.5046753760256878	0.16880350769250813	0.14916130570300104	0.008109846320616017	23.528428625259288	0.06006302012930977	0.05245146991455595	0.310678625753208	0.08850894919444562	0.005219009485065233	0.035707195457150974	0.26448758996047117	0.01262998313087475	0.009057983725511386	0.0025748896043908467	0.030507708751085362	0.30343249078674883	0.035521163908113565	0.026683151656802975	0.04018431802330587	0.19490416841171196	0.04466471988238053	0.02588220892019481	0.010331203058597273	0.06617724353125307	0.3726194017252036	0.000360540358930464	0.00045038512962683095	0.7195894478188125	0.011771513062084082	0.16733297224113738	102.54456808965847	0.14845262089719996	0.008087771976341213	0.009423043040733391	72.56242493178465	0.0017252959960875399	0.0010840562971516441	0.006306751444635772	0.042182165551052614	0.12294175864307053	0.011770417293418324	1.0056167652116117	0.01117706078038203	0.0058173245660049265	58213.80955453626	0.0024218804262769976	0.00912709586367082	0.0029747146892007094	0.030216168141843733	10.28379094726427	47.54536810456291	0.0006567942254455147	0.0009817039187148952	0.0009494581900793655	0.008704041848513247	0.22969630261420917	0.039460840690802454	6820.485172103038	23509.971405852753	0.007328735466140129	52693.14738894924	0.006964479602581766	1707.7669690615753	10.061607282583697	0.002021998647842514	0.03163346887999801	2.002897137647099	0.0021333277251004133	0.07396971091340339	0.01195759004370131	0.009141622946322784	21.362696517895603	0.006389908806088733	7340.174820688994	8108.618638379192	0.00861479328463045	15.966724547055524	0.004085431120665464	0.1449578345171068	995.189283030956	0.03129505888967816	0.005309478629586871	0.3459187656737213	0.009837594505089477	0.24869067232447759	354.365405308709	7079.553004171487	0.0005794583611618446	0.0007616142870282099	12.147041381421106	0.007851474949922253	0.008527820574960703	98145.97854635745	0.00029710382847438686	0.0064535433650514794	2.6517117363071297e6	0.0018253677047192392	0.04114341909935694	0.001930995851952047	11.647719890259728	0.021834846458571682	9.456082607704023	0.00672758421746045	23.504981091976664	0.11980139685154519	0.0011920193165592297	0.001760989815986077	1.8037090875230584
11	106095.11578004598	0.0006502947533167957	0.0007050442401297899	0.0048279660182477535	0.004687817985125919	0.006062520902176863	232773.43508452122	0.0032937482613803696	0.013025530222238263	12166.023572258026	0.009389433883891492	0.01824642750345421	0.00024017689219983152	0.015013574304571065	6.549379489857407e6	0.006105748996083533	0.0031233111345942287	1.004555982262034	714.4445834387726	0.08899085462361211	3.6854812008228017	0.011498160393942036	0.000372586700183696	11.967929995251106	0.0007492320233621125	0.0027881982259900773	1.8000225982495486e6	0.009796779455551475	0.006219444320584141	10974.06810632614	0.029145216835421275	0.002160069273234772	5945.131444787492	0.00029362296142064503	0.002189765901672678	0.06407794669383277	1629.5083533889374	0.006445627876876165	0.014180554435426559	0.000281695540099477	0.10277323547763727	0.008369428573351073	71.15795733990015	0.022408397676127945	0.05319737407630202	0.3547044631839294	0.002634335781188452	52.65429627381854	0.0007912848408162661	0.008943927456179909	0.00010763379455292975	0.0018693725845824753	5.205236927696589	0.0039625113139062935	0.02390854602987706	0.007948250501299096	0.5957266406235316	0.04103900108251507	0.00015865518332241872	0.006831392079693158	0.005824701530011642	13.580335487540138	0.0007900588211006094	0.04066726665254648	0.24136346803395167	0.07470751481138746	0.0073872549194356485	0.043796414993732324	0.013467649755696247	0.021829024045897892	0.00919098716133733	0.0013157650726187222	0.0002800875378072828	0.24983178035238005	3.231194088298451	0.09731167983402764	0.2085712405020834	0.35068365541173235	0.9921870392983106	0.015087355226321915	0.008327079314403334	0.06347141485984086	0.4121600720925624	0.00016464526412568288	0.0006775424673912611	0.834784231633926	0.0013220269474593207	0.6944705906518809	12.872860611804121	0.1562046376848421	0.0063248415350449635	0.007493854496071284	155.09564565020202	0.006365170005061141	0.0003552461976067472	0.023936930531057655	0.02464504864607598	0.11673289690735449	0.003249138170025337	0.9819845673288298	0.004691013853272586	0.00493056971740651	86559.49425579155	0.013997699354055775	0.00067858041309866	0.0027651914966804712	0.12875453676656742	2095.8733294614	563.3555763295792	0.00026107340491791003	0.0018318452568514552	0.0005083891573120558	0.013082256050952864	0.40165651007438885	0.023329265407362132	5443.582626989476	10525.896640784957	0.01036157419825376	36227.581046945576	0.0078019781771690245	994.6071942683627	9.864981511441961	0.0031626776843626937	0.10047354418549098	0.3327452840994485	0.0005039732799371388	0.021467720197670487	0.07583186882119239	0.005450002699611655	14.807514131491399	0.007807314693403201	424.7683756709045	8923.80758173259	0.004980597222483289	169.71602883039964	0.0001076815953936408	0.03115901992528753	3.5600719931288634	0.0036935127121995722	0.006128934160693277	0.0054500812784977325	0.011733237308617733	0.10272241735941579	81.846275794275	12771.601959355847	0.3848249367853437	0.0016873714942004635	33.85627475832754	0.0020590163865881785	0.0051224913394115786	144655.10603152635	0.00023117400197435967	0.003530599670930357	3.779654922348312e6	0.00046619605878268883	0.0405983542331632	0.0077561958251627285	4.480027601502965	0.021375509653690557	4.293687495381466	0.010212039014960804	12.851365413876907	0.09345915565669885	0.7532486642235605	0.0025954611570080826	3.508560109525546
12	366993.36075381585	0.0027637419873206737	0.0027111696006708002	0.008535397890599797	0.028010506665387704	0.007797099329659187	43662.29561422971	0.024319805940353323	0.004710251477568027	10204.150833070533	0.005273407347089406	0.05036143206155895	8.681693815526456e-5	0.012691358796646013	1.9608133547589062e6	0.011451139117714141	0.0033853116674118547	0.006084489218810991	334.52043296377894	0.060623256376622026	2.665228826510821	0.012084084981594098	0.0010701999389237076	4.818904698855123	0.007873396895088295	0.0026941667021646476	50551.6965588875	0.011994350128025369	0.008101987754133176	12787.914663785104	0.010471043876417415	0.002620484979285869	23748.208808772746	0.0005786159409296005	0.0006506058798241758	0.07184261574773103	1654.0519185864218	0.008389617233167017	0.021727558685721272	0.0005751064181086612	0.036273221739684294	0.016244156952526293	13.203421857483391	0.005776724073701513	0.004657993129772325	7.245682355306885	0.0007248947289074456	56.22603460952925	0.7822608326025678	0.01404875693944215	0.0034482532299682797	0.08835983197199723	4.257497440739375	0.009051559790740196	0.007150240640880162	0.008082888964308595	0.34465824351674607	0.4188831360167176	0.0011342716650693078	0.010722607365710743	0.013988580810788022	21.673518164779427	0.038442376309703055	0.02310279755941977	0.05976250658110961	0.06561886126761197	0.007917852082646417	0.04048402653786161	0.029821858318351133	0.0406032529028156	0.005596069056487138	0.0004376630133091356	0.0007821864570227315	0.037612844380189026	0.0007989528144619897	0.007879196625628526	0.008109664736685592	0.009767203229668366	0.023160166201928224	0.010578234750679831	0.015341325763848777	0.8504027921324396	0.8873300316554186	0.0003170273470909614	0.0008550941275755558	0.1211397126271196	0.0021399136472112688	0.01733484665967776	29.52678454915727	0.09172694320493406	0.004354537795667447	0.008449416615553153	142.75862494831267	0.0012462068353929162	0.0005352624170011045	0.0126834036096881	0.03498720367106277	0.1718051881109951	0.0026362666099425925	1.29319684770505	0.07213451091877342	0.005878939213180094	2317.3346314479463	0.0032243148322545	0.00010618692713585968	0.0048647701315346695	0.022944263125599874	38.212528183080146	15.141005545889579	0.0011734614078035355	0.0011864977102286059	0.0013757002267721886	0.009423389739526576	0.1480290475889447	0.06754372486769146	5020.7711010689945	12392.933069981871	0.010152075910985423	42049.352652574074	0.00871199808693837	462.78011000153214	25.867519276101216	0.0006448570989445326	0.007161041921830515	0.6798577565716288	0.005842429732598127	0.05355245271236272	0.011142535988017803	0.009970645580633241	27.473205386663533	0.012967510424838269	2513.460588909107	8774.080913038348	0.009321505819170827	72.51024041797045	0.005698951876512516	0.018597338954808876	72.99855521300236	0.00995413255015296	0.0075697380383159185	0.020727753505748632	0.005931821838984651	0.23049898725030435	405.7998525181836	5260.435625830737	0.004402194646475203	0.0038833120648239534	33.00976017844453	0.02075718147885811	0.0058325024312539785	28969.5562047808	0.0006115963691186404	0.0040108864626338175	786307.4516214787	0.0009608558597480193	0.018758176438015813	0.0018932645930930423	13.980110273483184	0.0005742121968085989	24.06491987071515	0.007304415403444632	10.146292300625056	0.020947124670226292	0.09123484839281266	0.001891126068494844	5.186648552394989
13	148192.06645737748	0.0005685579526372345	0.0004854366600495878	0.004244537382691144	0.00790391828954226	0.00943392606533523	84821.10817746566	0.02377906170887795	0.006045592459695967	9288.399384646189	0.005377633516570693	0.018123843858485717	0.0002947365266425454	0.010498099096611348	1.8092056143649996e6	0.004059121380118212	0.003958904692692074	0.016769154418458047	291.55166705950484	0.23397086502423195	1.28381637883578	0.0033891609928217714	0.0014523676432424597	5.679967289269429	0.004691947156518851	0.005506220998641782	1.2717550111174688e6	0.006426418035913409	0.005450023887747183	14439.42267650724	0.004249713840554772	0.006106104280721186	55519.46102108299	0.0007144367937899013	0.001193447249292612	0.08330503103011785	3416.6669692944192	0.006162922620288019	0.02635845223308667	0.0006006620982728359	0.22982399732355707	0.0064975403344654376	118.55047674247946	0.006663759554062779	0.06762330233697456	2.4826774682781423	0.00029882338552699757	84.14894197211561	0.004926560906854764	0.008283327126465949	0.0541943236805472	0.013710186863497953	4.658453760407395	0.00273808614289285	0.003387213570906722	0.014763937374060032	0.5053220159534119	0.21698617336517756	0.02060307093215074	0.1482398463565968	0.01307840667193947	26.110172089790883	0.001951326690269757	0.010471993079436555	0.1766291820817208	0.07460468803496648	0.014264149390889921	0.04438113456698032	0.27755117558229747	0.009911788260299228	0.010317851499050885	0.0007707304806531502	0.0005665717331525299	0.12545778443166217	0.0037657187514257007	0.013155310098181276	0.004607523490799217	0.040429708217452835	0.03679346050689372	0.029243535870631967	0.013399132364721964	0.736461674292577	0.8873300131298054	0.0003561203023724751	0.00032512543191488304	0.6400288257832267	0.0035730743844023262	0.0778025048754613	12.713302467623484	0.14413541252889495	0.0048618730121590525	0.019434674912611114	95.0652406131603	0.0021146573816510647	0.0005370987124937058	0.006166244208251502	0.054823686945090155	0.13546323655098955	0.008951258448366601	0.9772022847810491	0.006202749911391085	0.009261603531428854	103985.78258277895	0.003104705577888806	0.0007683857087372331	0.0027310572926818855	0.02784104152297848	91.08142093090302	37.122468829258295	0.0005597433831118821	0.0013364881185487364	0.0008515511674269746	0.00938661147213045	0.2346565047996362	0.033649663657520944	7208.372293339751	21172.240148685378	0.009201483803648691	22551.06244829245	0.002621724133684061	539.0598046458792	15.074482475526011	0.00220537480282273	0.00011168030282554879	0.32309702229381837	0.005267870813722708	0.1387704478875101	0.037417843164762175	0.015161962605146212	10.803431805740756	0.010990706294120224	5987.219607979878	6504.274213355194	0.00609890605975145	90.68000219268302	0.08464669004327381	0.18317329712130717	209.0031403939912	0.003593068732004002	0.007906711433361788	0.20114946477080015	0.004080564711692733	0.425976535480582	227.8687139236787	8426.633093907001	1.0574302519188112	0.001366590904148149	15.397607655796913	0.009464806417361181	0.008636169378895166	126239.81417184547	0.00024404599867911214	0.0027966204143042486	392516.19521630864	0.0010452484765481902	0.031519652348793725	0.26812203951478253	0.2720987331483551	0.01586063364946662	6.400881307847285	0.012072470926709681	6.73280825964949	0.004202119756748377	1.0501590289651552	0.003989492075101936	5.076564593788302
14	98466.75943985954	0.0017446064250380606	0.0005890597376009643	0.008998591060997726	0.005545125596775476	0.004782478674746943	155472.91906699174	0.0028288021875287083	0.0031587462313939457	8154.316546862383	0.011907157437559797	0.007658214197812011	0.00014471045842759308	0.006805817037069812	9.775237689418908e6	0.005519135284493129	0.009325570535943448	0.005624423920736692	549.1026048243607	0.24832534453158425	0.42604961582951817	0.004426235392613615	0.0009440070175538964	10.589712820020155	0.0007495665133380546	0.004468375371761549	670305.662697102	0.013023759435478868	0.009581353378254241	26396.869870118404	0.006955653709187698	0.005271944365939551	24433.495116777824	0.0008133488486040953	0.001345287441114802	0.09943525730848292	3349.1804341655443	0.004408239029732197	0.022038990156678016	0.0003823799012795103	0.1299312167541806	0.01153900382976341	40.35940194709689	0.016358075477007426	0.014831722199788998	0.6632701958324901	0.7293367190076644	19.44108702343528	0.007023131729142015	0.00753252440956891	0.01866986540487928	0.020865379197189535	2.532254792441438	0.0027593490141720567	0.0077659911967981835	0.004935994293125818	0.6317156993960459	0.028924199677171195	0.046816836932566705	0.06860722587987454	0.012026351213016616	22.299351471773665	0.03770225989966083	0.06806835772149483	0.21361024330156558	0.08055222896154253	0.032515106378276606	0.04913115623540356	0.12095050259901192	0.10828722200247522	0.03707219957546471	0.07097809184512445	0.0008936373101835337	0.0669301321074615	0.022047919210667725	0.009888485102090061	0.059128041440743406	0.11915464016362433	0.044144377469985556	0.03436296980319544	0.010656043197366025	0.06469111487982558	0.38405912701760375	0.00023049642765897175	0.00042813577549403895	0.6977894858445762	0.002355574924620489	0.1797379086073834	51.440434189074324	0.15638499674110998	0.004463705239496305	0.01658745631260643	101.92211718272385	0.002032488716909051	0.0007496705720613937	0.007669321123884835	0.04244454716493786	0.15064693690316863	0.005050804820376004	0.8648093043498111	0.00500247586950409	0.005895825098118824	101571.42479937087	0.004679328053648552	0.00312985498817943	0.0010190211810763713	0.05521466525915291	15.952984317198238	42.242502733147376	0.00029525620779082993	0.0009751131122448518	0.0005101566631718513	0.010308008388137273	0.3403292325947247	0.029594492877065465	4650.438638491653	23839.864194956765	0.006064126145203451	49850.12818004555	0.0076668737898349815	2341.624870715474	7.387408253156541	0.0005130943336251831	0.05715889939306564	0.7231652106927547	0.005933203273563964	0.4408330341641664	0.036600795781418984	0.01404356768681602	15.67898932006676	0.01520240735884154	4233.6295578675135	8813.78842097662	0.005805428811726831	122.23138233460391	0.0020645633795747364	0.15598891269885237	332.61343118169714	0.004479569825405657	0.005674459691705779	0.5531667051672498	0.007335481641268925	0.12848711638841806	369.05282037708895	14495.3785633469	0.3324898249397267	0.00022822224538701245	0.6224176769229719	0.010290102149290712	0.008495803715865958	144566.73291396647	9.943008137449274e-5	0.0033679628824686953	7.27261033694527e6	0.0008299270141737186	0.02756094178126783	0.9484128441022683	0.3593778169188597	0.005729056832841627	3.7923662489055987	0.09652294326965666	4.847744279815989	0.0030544592413216387	1.0028688110665709	0.004705157927616136	1.4131897308355164
15	238176.52598421442	0.0005563763950192128	0.0027574190739737135	0.0037780333993872846	0.008110781713139042	0.009138649744659038	125469.4692281526	0.01745847991533647	0.026773456198958205	1358.321410203363	0.006979050450142108	0.038052590559180845	0.00021341270260338032	0.013414869101981057	223985.7777542152	0.00800596076167548	0.0026648625359350473	0.015598490230659273	684.532645318103	0.05490975422858437	6.146628044613438	0.011969735469217301	0.0009244491538943244	4.473517699834885	0.0030744048804751054	0.0030581723884529543	147187.63122854856	0.0070553504532453164	0.010143858652923252	16974.641222259666	0.0001344899177595617	0.0036742875344434075	439733.1465729378	0.0014183716833293654	0.00015438381959645845	0.5000071264593001	1153.6720348048245	0.005319990931363231	0.02456374079357049	0.0005154001542515687	0.04178154099865713	0.013983107892117319	33.94297517500751	0.008567284321176222	0.035600773731950815	0.5700193249280013	0.0006011108880322694	74.84899923757418	0.005971293135244747	0.007974953558411449	0.017458960998862356	0.013945729070539706	4.262624031709512	0.003605080954671304	0.008708767079379589	0.017255130065251145	1.074200058838126	0.07316135835574247	0.0002173673891883523	0.0008459445379129367	0.003545192446143937	70.01315047807017	0.0016264891150858786	0.0014234949729015395	0.18138423834417988	0.07886958937866906	0.008403270888024242	0.047716175420036464	0.14295622468545327	0.013186419459702333	0.001457357004991178	0.00013198570882417136	0.00031724852294158355	0.17031242325830612	0.007958898689687743	0.00790566976456914	0.01591649164216899	0.12412802292713866	0.0006811239751923758	0.006247787287941452	0.004732551049318077	0.06327271989418722	0.8873300308315855	0.00011321527970077528	0.0002988144988004784	0.7939248053011381	0.0026499197886582864	0.03451220462129167	5.459605643473618	0.17442332603047878	0.007603668187250731	0.007168604407674681	94.69506844845885	0.0015763345122559499	0.0008470852265957189	0.013897331578136066	0.06227352453016448	0.11311180725368906	0.0020890192911335683	0.8960192055673742	0.01718582378347916	0.02672478985733314	10247.485123595488	0.0009388170310532881	0.00020816154179175106	0.0010691876765611548	0.7456660808088899	12.230468259054733	16.581459927481188	0.0009310289656303248	0.0012931872203445541	0.0005143158392484324	0.01030951650170982	0.479629688862963	0.01866455739251959	2575.2866141839427	16337.63044182246	0.014637538652269234	49110.039385845594	0.004599636527919434	201.5965755480367	14.529762807359154	0.003782587858551109	0.0007818949150495738	1.1186636341300171	0.018875243911268064	0.003933004548622223	0.009029083131092167	0.018555933252315776	20.312346305514794	0.010057100531936572	129.33109351627897	9886.9822160477	0.011366798678683423	55.015551917125464	0.014138547958038195	0.0010033622309619512	0.5463775640469052	0.032522383583184496	0.011698993424002848	0.09926398055616652	0.011553834581178608	0.035640422994165796	1268.4463809352847	9953.391691087436	0.0003556366760493755	0.0009926860998376603	12.214677390044933	0.011185157009518613	0.005600673670336524	173552.51470143662	0.00032558606692332777	0.002989965366586916	304747.59135662904	0.0009501852000757881	0.06769402427704349	0.0034162775836953626	6.955129369237858	0.00027569111537221444	14.439898932432644	0.011890099899658847	9.48708099088779	0.05883101537113815	0.9434322651522757	0.0029560073746209697	3.5203967947281973
